style_id,du_product_id,du_title,release_date,gender
553558-116,26850,Air Jordan 1 Low“Black Toe” 黑脚趾 低帮,2019.04.01,eu-adidas-men
378037-100,18570,Air Jordan 11 Concord  康扣 45号后跟 黑白 2018年版,2018.12.08,eu-adidas-men
554724-058,32581,Air Jordan 1 Mid Shattered Backboard 扣碎篮板,2019.06.01,eu-adidas-men
553560-116,27372,Air Jordan 1 Low Black Toe 黑脚趾 GS,2019.03.23,eu-adidas-men
555088-061,31098,Air Jordan 1 Retro High Black Gym Red 红钩黑脚趾 2019款,2019.06.29,eu-adidas-men
555088-160,24020,Air Jordan 1 Retro High OG Phantom 兔八哥,2019.03.16,eu-adidas-men
308497-116,25001,Air Jordan 4 “Hot Lava” 热熔岩,2019.03.02,eu-adidas-men
852542-301,19902,Air Jordan 1  Mid 白绿脚趾 男子篮球鞋,2018.12.18,eu-adidas-men
554724-610,11172,Air Jordan 1 Mid Gym Red Black 小禁穿,2018.03.01,eu-adidas-men
554724-121,21769,Air Jordan 1 Mid 黑白银 小伦纳德,2018.12.13,eu-adidas-men
554724-124,21765,Air Jordan 1 Mid TOP 3 鸳鸯拼接,2019.01.01,eu-adidas-men
554725-058,47209,Air Jordan1 Mid Shattered Backboard 扣碎篮板（GS）黑橙 篮球鞋 554725-058,2019.07.04,eu-adidas-men
CD6846-002,31274,Air Jordan 11 Low Snakeskin Light Bone 白蛇 蛇纹,2019.05.18,eu-adidas-men
555088-311,22447,Air Jordan 1 “Turbo Green” 蒂芙尼绿 2019全明星,2019.02.15,eu-adidas-men
555088-140,38258,Air Jordan 1 “Obsidian”北卡蓝 黑曜石,2019.08.31,eu-adidas-men
554724-174,36041,Air Jordan 1 Mid Obsidian 黑曜石,2019.07.01,eu-adidas-men
384664-060,23688,Air Jordan 6 Black Infrared 黑红OG 2019全明星 红外线,2019.02.16,eu-adidas-men
555088-081,28614,Air Jordan 1 Retro High  2019年版  CRIMSON TINT 黑粉脚趾,2019.04.12,eu-adidas-men
554724-054,14450,AIR JORDAN 1 MID 小禁穿 黑红色 板鞋篮球鞋 554724-054,2018.10.01,eu-adidas-men
555088-018,21793,Air Jordan 1 Retro High OG“Neutral Grey” 灰麂皮 字幕 标语,2019.01.26,eu-adidas-men
378038-100,19309,Air Jordan 11 Retro Concord 2018 (GS) 女款康扣 45号后跟 黑白 2018年版,2018.12.08,eu-adidas-men
554725-174,37209,Air Jordan 1 Mid Obsidian (GS) 黑曜石,2019.06.21,eu-adidas-men
554724-062,14522,Air Jordan 1 Mid 黑橙 小扣碎,2018.05.11,eu-adidas-men
852542-071,35497,Air Jordan 1 Mid SE Yellow Toe 皮卡丘 黑黄脚趾,2019.06.29,eu-adidas-men
554724-116,26605,Air Jordan 1 Mid 芝加哥 白红 篮球鞋 554724-116,2019.03.23,eu-adidas-men
852542-005,35843,Air Jordan 1 Mid SE 湖人 红蓝,2019.07.01,eu-adidas-men
CD6846-102,28930,Air Jordan 11 Low “Navy Snakeskin” 蓝蛇 蛇纹 2019款,2019.04.19,eu-adidas-men
CD6578-006,29149,Air Jordan 1 x Nike SB High OG Light Bone 白黑 刮刮乐,2019.05.25,eu-nike-men
852542-007,22416,Air Jordan 1 Mid 漆皮 小黑金,2019.01.22,eu-adidas-men
408452-116,25021,Air Jordan 4 “Hot Lava” 热熔岩 (GS）,2019.03.02,eu-adidas-men
554725-116,28032,Air Jordan 1 Mid White Black Gym Red 芝加哥 GS 白红 篮球鞋 554725-116,2019.03.23,eu-adidas-men
555088-700,15679,Air Jordan 1 Retro High Rookie of the Year 新秀 小麦,2018.10.13,eu-adidas-men
575441-081,29138,"Air Jordan 1 Retro High OG ""Crimson Tint"" GS 黑粉脚趾",2019.04.11,eu-adidas-men
852542-800,21770,Air Jordan 1 MID 小白扣碎 白橘 尼克斯,2018.12.18,eu-adidas-men
575441-311,24666,Air Jordan 1 Retro High Turbo Green 蒂芙尼绿 (GS),2019.04.03,eu-adidas-men
554724-113,15191,Air Jordan 1 MID 黑白 熊猫,2018.09.05,eu-adidas-men
414571-104,12652,Air Jordan 13 He Got Game（2018）熊猫,2018.08.04,eu-adidas-men
308497-060,29734,Air Jordan 4 Retro Bred 2019款 黑红公牛 篮球鞋 308497-060,2019.05.04,eu-adidas-men
554724-104,8846,Air Jordan 1 Mid 灰白 男款,2016.12.01,eu-adidas-men
CD6847-002,32962,Air Jordan 11 Low Snakeskin Light Bone 白蛇 蛇纹 GS,2019.05.18,eu-adidas-men
554725-610,11331,Air Jordan 1 Mid 禁穿 黑红脚趾 (GS),2018.03.01,eu-adidas-men
384665-060,23714,Air Jordan 6 Black Infrared 黑红OG 2019全明星 GS 红外线,2019.02.16,eu-adidas-men
bq6931-005,36754,Air Jordan 1 Mid SE 湖人 红蓝 GS,2019.05.01,eu-adidas-men
575441-160,30496,Air Jordan 1 Retro High OG Phantom 兔八哥（GS）,2019.04.30,eu-adidas-men
554725-124,22760,Air Jordan 1 Mid GS TOP 3 三色,2018.12.21,eu-adidas-men
555088-028,49180,Air Jordan 1 Retro High OG 猪油扣碎,2019.10.26,eu-adidas-men
884129-104,12893,Air Jordan 13 Retro BG He Got Game 2018 女款 黑白 熊猫,2018.08.04,eu-adidas-men
378038-016,17364,Air Jordan 11 Platinum Tint (GS) 白红兔八哥,2018.10.27,eu-adidas-men
CD4487-100,23831,Travis Scott x Air Jordan 1 High OG TS SP 倒钩 深棕,2019.05.11,eu-adidas-men
555088-015,21445,Air Jordan 1 Retro High Sports Illustrated 体育画报 男,2018.12.27,eu-adidas-men
CD6847-102,29641,Air Jordan 11 Low “Navy Snakeskin” (GS) 蓝蛇 蛇纹 2019款,2019.04.19,eu-adidas-men
575441-061,29940,Air Jordan 1 Retro High Black Gym Red (GS)  红钩黑脚趾 2019款,2019.06.29,eu-adidas-men
BQ6931-600,37303,Air Jordan 1 Mid SE GS Coral Stardust 珊瑚金,2019.06.13,eu-adidas-men
CK5666-100,47695,Air Jordan 1 High OG Fearless UNC Chicago 漆皮红蓝 警灯,2019.11.02,eu-adidas-men
384664-104,15357,Air Jordan 6 Retro Tinker 手稿 男款,2018.10.06,eu-adidas-men
CD0461-016,39628,Air Jordan 1 Retro High Satin Black Toe 女款 红丝绸 黑脚趾,2019.08.17,eu-adidas-men
CD0461-401,23522,Air Jordan 1 Retro High Blue Chill 2019全明星 北卡蓝 女,2019.02.14,eu-adidas-men
575441-140,43761,Air Jordan 1 “Obsidian”北卡蓝 黑曜石 GS,2019.08.17,eu-adidas-men
861428-061,10579,Air Jordan 1 Homage To Home Chicago 阴阳 鸳鸯芝加哥 无编号版,2018.05.17,eu-adidas-men
308497-007,35756,Air Jordan 4 Cool Grey 2019 酷灰 灰老鼠,2019.08.01,eu-adidas-men
CD6579-071,38944,Air Jordan 1 High OG Defiant 拆线Swoosh 拆钩,2019.07.27,eu-adidas-men
CD6578-507,29151,Air Jordan 1 x Nike SB High OG Court Purple 湖人 刮刮乐,2019.05.25,eu-nike-men
CQ4277-001,36191,Travis Scott x Air Jordan 1 Low OG TS SP 低帮 倒钩 深棕,2019.07.20,eu-adidas-men
555088-403,9534,Air Jordan 1 Retro High Game Royal 小闪电 白蓝,2018.03.24,eu-adidas-men
AH7860-106,30864,Air Jordan 11 Low Pink Snakeskin 粉蛇 蛇纹 女款,2019.05.13,eu-adidas-men
BQ6931-007,24377,Air Jordan 1 Mid Patent Black White Gold 小黑金 GS,2019.01.22,eu-adidas-men
AJ7747-100,14546,Nike Air Force 1 07 LV8 Utility Black 解构 2018年版 白,2018.08.27,eu-nike-men
555088-013,9948,Air Jordan 1 Retro High Shadow (2018) 影子,2018.04.14,eu-adidas-men
CI1184-001,22265,Air Jordan 4 Black Laser 黑镭射,2019.01.19,eu-adidas-men
378037-016,16423,Air Jordan 11 Platinum Tint 白红兔八哥,2018.10.27,eu-adidas-men
555112-661,21212,Air Jordan 1 MID 情人节(GS) 白紫,2019.02.04,eu-adidas-men
555088-602,21269,Air Jordan 1 Retro High OG “Origin Story” 芝加哥 蜘蛛侠,2018.12.14,eu-adidas-men
554725-113,15200,Air Jordan 1 Mid White Black (GS) 黑白 熊猫 女款,2018.09.26,eu-adidas-men
CI2977-006,22331,Air Jordan 12 Retro CNY Chinese New Year For 2019 新年 黑白 己亥 百家衣,2019.01.03,eu-adidas-men
553558-113,29828,Air Jordan 1 Low 黑绿脚趾,2019.04.29,eu-adidas-men
AT3102-200,21078,CLOT x Air Jordan 13 Low 联名 兵马俑,2018.12.22,eu-adidas-men
852542-400,21783,Air Jordan 1 Mid 脚趾 白蓝 板鞋篮球鞋 852542-400,2019.01.01,eu-adidas-men
BQ6931-301,21982,Air Jordan 1 Mid GS 白绿脚趾,2018.12.20,eu-adidas-men
CI3125-100,22256,Air Jordan 6 Flint 燧石 紫灰,2019.01.12,eu-adidas-men
AQ9129-601,24306,Air Jordan 4 SILT RED 黑粉 金扣 大理石纹 女款,2019.02.22,eu-adidas-men
130690-107,37644,Air Jordan 12 FIBA 2019篮球世界杯 白金,2019.08.24,eu-adidas-men
554725-062,14670,Air Jordan 1 Mid GS 黑橙 小扣碎,2018.09.11,eu-adidas-men
BQ0897-006,17394,Air Jordan 4 “Tattoo”黑白涂鸦 中国元素,2018.11.01,eu-adidas-men
CD0461-007,30306,Air Jordan 1 Retro High OG Panda 熊猫 女款,2019.04.26,eu-adidas-men
554724-061,21286,Air Jordan 1 Mid 红外线,2019.01.01,eu-adidas-men
CK1229-001,38842,Air Jordan 6 Retro PSG Paris Saint-Germain 大巴黎 圣日耳曼,2019.07.27,eu-adidas-men
554724-129,28602,Air Jordan 1 Mid white 纯白 2019新款,2019.02.28,eu-adidas-men
AH7389-003,40692,Air Jordan 1 Ret High Prem Mushroom Fossil 黑卡其 珍珠奶茶 变色龙 女款,2019.08.15,eu-adidas-men
555088-610,9235,Air Jordan 1 Retro High Bred Toe 黑红脚趾,2018.02.24,eu-adidas-men
BQ6472-101,34671,Air Jordan 1 Mid White Black Red 黑白反转 女款,2019.06.09,eu-adidas-men
384665-104,15363,Air Jordan 6 Retro Tinker (GS) 手稿,2018.10.06,eu-adidas-men
852542-801,26487,Air Jordan 1 Mid“Crimson Tint” SE 粉脚趾,2019.04.01,eu-adidas-men
AR0715-200,16480,Air Jordan 11 Retro Neutral Olive (GS) 女款 金丝橄榄,2018.11.23,eu-adidas-men
555088-302,14886,Air Jordan 1 Retro High Pine Green 黑绿脚趾,2018.09.22,eu-adidas-men
AQ0818-148,10904,Air Jordan 1 Retro High Off-White University Blue UNC THE TEN 北卡,2018.06.23,eu-adidas-men
575441-602,21273,Air Jordan 1 Retro High OG “Origin Story”(GS) 芝加哥 蜘蛛侠,2018.12.14,eu-adidas-men
555112-190,37087,Air Jordan 1 Mid (GS) 中帮 玫瑰金,2019.06.01,eu-adidas-men
BQ6931-103,39267,Air Jordan 1 Mid SE 夜光熊猫 泼墨 GS,2019.07,eu-adidas-men
AT3375-200,31122,Air Jordan 7 x Patta OG SP 荷兰 涂鸦 棕色,2019.06.15,eu-adidas-men
575441-015,21432,Air Jordan 1 Retro High OG Sports Illustrated(GS) 体育画报 女款,2018.12.27,eu-adidas-men
553558-127,27266,Air Jordan 1 “University Gold”  Low 黑黄脚趾,2019.03.30,eu-adidas-men
CN2932-100,52295,Air Jordan 5 “Island Green” 薄荷绿 郭艾伦,2019.11.11,eu-adidas-men
554724-445,32574,Air Jordan 1 Mid Sanded Purple 桑德紫 黑紫脚趾,2019.06.01,eu-adidas-men
555112-601,23512,Air Jordan 1 Mid Pink Foam (GS) 樱花粉,2019.01.01,eu-adidas-men
554724-119,28445,Air Jordan 1 Mid All Over Logos 涂鸦,2019.04.03,eu-adidas-men
543390-153,25620,Air Jordan 6 Retro Green Abyss （GS）扎染 油漆,2019.03.02,eu-adidas-men
AJ7747-001,14545,Nike Air Force 1 07 LV8 Utility Black 解构 2018年版 黑,2018.08.27,eu-nike-men
BQ8462-601,25468,Air Jordan 1 Low Slip 芝加哥 低帮 女款,2019.03.01,eu-adidas-men
555088-031,8928,Air Jordan 1 High City Of Flight LA All Star 2018 黑金,2018.01.11,eu-adidas-men
378037-123,1188,Air Jordan 11 Retro UNC Win Like 82 北卡,2017.11.11,eu-adidas-men
136064-006,16477,Air Jordan 3 Retro Chlorophyll 叶绿素,2018.11.10,eu-adidas-men
CQ9541-704,37840,Air Jordan 5 SP Michigan 密歇根 黄色,2019.08.10,eu-adidas-men
CD7069-101,28605,Air Jordan Legacy 312 Low 三合一 白灰,2019.04.06,eu-adidas-men
414571-016,25974,"Air Jordan 13 Retro ""Atmosphere Grey"" 雾霾 元祖灰",2019.03.23,eu-adidas-men
555088-170,34545,Air Jordan 1 Retro High OG First Class Flight 条形码 头等舱飞行 白黄,2019.09.26,eu-adidas-men
CJ0939-100,25986,Air Jordan 3 Tinker 白红 篮球鞋 CJ0939-100,2019.03.31,eu-adidas-men
528895-003,10762,Air Jordan 11 Retro Low Cool Grey 酷灰,2018.04.28,eu-adidas-men
AJ1935-102,11641,Nike Kyrie Flytrap EP 白红 欧文,2018.06.29,eu-nike-men
408452-060,29803,Air Jordan 4 Retro Bred (GS) 黑红 2019款,2019.05.04,eu-adidas-men
CN1084-200,38616,Travis Scott X Air Jordan 6 'Medium Olive' TS联名 橄榄绿,2019.10.11,eu-adidas-men
AR0715-100,60290,Air Jordan 11 “Metallic Silver” 闪粉 满天星 婚鞋 女款,2019.11.30,eu-adidas-men
CK4348-007,39786,Air Jordan 3 Tinker 黑水泥 黑白手稿,2019.08.07,eu-adidas-men
553558-128,32586,Air Jordan 1 Low Shattered Backboard 扣碎篮板,2019.09.05,eu-adidas-men
554724-051,15952,Air Jordan 1 Mid Black Dark Concord 黑紫色 板鞋篮球鞋 554724-051,2018.12.01,eu-adidas-men
554725-109,11839,Air Jordan 1 Mid (GS) 白 中帮,2018.03.02,eu-adidas-men
861428-106,18032,Air Jordan 1 Retro High NRG Not For Resale “禁止转卖”,2018.11.07,eu-adidas-men
414571-105,37831,Air Jordan 13 Retro Lakers Rivals 紫金湖人,2019.07.20,eu-adidas-men
CQ9447-700,36440,Air Jordan 1 Low Gold Toe 黑金脚趾 低帮,2019.06.29,eu-adidas-men
BQ6682-006,24531,Air Jordan 1 Defiant “Couture” 禁穿主题 2019,2019.02.23,eu-adidas-men
AQ8830-007,22635,Air Jordan 33 Chinese New Year CNY 中国新年 百家衣,2019.01.04,eu-adidas-men
854261-001,3655,Air Jordan 3 Retro Black Cement 2018 (GS) 黑水泥 女款,2018.02.17,eu-adidas-men
136027-148,13325,Air Jordan 5 Retro International Flight 国际航班,2018.09.08,eu-adidas-men
575441-013,9947,Air Jordan 1 Retro High Shadow 2018 (GS) 影子 女款,2018.04.14,eu-adidas-men
554725-061,21287,Air Jordan 1 Mid 红外线（GS）,2019.01.01,eu-adidas-men
AV3725-010,10351,Air Jordan 1 Retro High Satin Shattered Backboard (W) 扣碎 丝绸,2018.05.05,eu-adidas-men
575441-403,9536,Air Jordan 1 Retro High Game Royal (GS) 女款 小闪电,2018.03.24,eu-adidas-men
852542-306,15316,Air Jordan 1 Mid South Beach 南海岸,2018.10.01,eu-adidas-men
553560-128,46756,Air Jordan 1 Low Shattered Backboard 扣碎篮板 GS,2019.09,eu-adidas-men
528895-145,9684,Air Jordan 11 Easter Low 复活节 变色龙,2018.03.31,eu-adidas-men
BQ9043-400,28710,"Air Jordan 4  ""Monsoon Blue"" GS 变色龙 电光紫",2019.04.06,eu-adidas-men
BQ6472-009,36202,Air Jordan 1 Mid 绿松石黑 变色龙 女款,2019.08,eu-adidas-men
AJ7311-200,16692,Nike Air Force 1 High Utility 樱花粉（GS）,2018.11.02,eu-nike-men
575441-028,52171,Air Jordan 1 Retro High OG 猪油扣碎 GS,2019.10.26,eu-adidas-men
AQ1757-004,12226,Air Jordan 13 Phantom 白,2018.07.26,eu-adidas-men
CI2970-001,23631,Air Jordan 4 Black Laser 黑镭射 GS,2019.01.19,eu-adidas-men
555088-062,59092,Air Jordan 1 Retro High OG 黑红 红外线,2019.11.29,eu-adidas-men
553560-113,29869,Air Jordan 1 Low (GS) 黑绿脚趾,2019.04.29,eu-adidas-men
BV7446-400,24706,Air Jordan 1 Mid “Fly” (GS) 冰蓝鸳鸯,2019.03.31,eu-adidas-men
554725-607,19476,Air Jordan 1 Mid White Plaid (GS) 格子,2018.12.01,eu-adidas-men
AV3922-126,21977,Air Jordan Legacy 312 “Desert Camo” 沙漠迷彩,2019.01.01,eu-adidas-men
555088-501,14888,Air Jordan 1 Retro High Court Purple 黑紫脚趾,2018.09.22,eu-adidas-men
852542-600,35134,Air Jordan 1 Mid 麂皮 珊瑚金 脏粉,2019.07,eu-adidas-men
554725-083,48401,Air Jordan 1 Mid GS 糖果鸳鸯 拼色,2019秋季,eu-adidas-men
BQ6497-006,22464,Air Jordan 12 CNY GS 女款 黑白 新年 女款 己亥 百家衣,2019.01.03,eu-adidas-men
554724-125,21864,Air Jordan 1 Mid White/Red/Multi 彩色,2018.12.19,eu-adidas-men
553560-101,11041,Air Jordan 1 Low white(GS) 纯白,2018.03.01,eu-adidas-men
854262-001,3638,Air Jordan 3 Retro Black Cement (2018) 黑水泥,2018.02.03,eu-adidas-men
554724-605 ,9431,Air Jordan 1 mid 芝加哥 白黑红,2018.03.22,eu-adidas-men
554725-051,18273,Air Jordan 1 Mid Black Dark Concord (GS) 黑紫,2018.08.16,eu-adidas-men
442960-104,32266,Air Jordan 7 Topaz Mist 糖果色 GS,2019.05.18,eu-adidas-men
AA1336-102,29177,Air Jordan Hydro 11 Retro 蓝白 拖鞋,2019.03.01,eu-adidas-men
CD9054-101,31460,Air Jordan Legacy 312 Low GS 爆裂纹 白,2019.04.20,eu-adidas-men
136064-111,10337,Air Jordan 3 Retro Pure White (2018) 纯白,2018.07.21,eu-adidas-men
AT4040-106,24294,Air Jordan Legacy 312 粉,2019.02.01,eu-adidas-men
554723-176,36375,Air Jordan 1 Low (GS) 迷彩底 糖果色,2019.06.22,eu-adidas-men
CI1184-146,46993,Air Jordan 4 SE What the 4 红蓝鸳鸯,2019.11.23,eu-adidas-men
852542-061,44842,Air Jordan 1 Mid SE Newspaper 报纸,2019.09,eu-adidas-men
AQ8830-005,23709,Air Jordan 33 All-Star 2019全明星 镜面,2019.01.24,eu-adidas-men
AJ1935-001,11637,Nike Kyrie Flytrap EP 黑白 欧文,2018.06.29,eu-nike-men
CQ9446-400,39592,Air Jordan 1 Low 低帮 皇家蓝 闪电配色,2019.07.01,eu-adidas-men
555112-500,14917,Air Jordan 1 Mid (GS)  粉紫葡萄,2018.03.09,eu-adidas-men
575441-610,9236,Air Jordan 1 Retro High Bred Toe (GS)  黑红脚趾 女款,2018.02.24,eu-adidas-men
852542-700,24311,Air Jordan 1 Mid Lakers 湖人 紫黄,2019.02.01,eu-adidas-men
AV3922-101,22622,Air Jordan Legacy 312 美国队 奥运,2018.12.29,eu-adidas-men
555088-112,10237,Air Jordan 1 Retro High OG 6 Rings 六冠王 黑红 红脚趾,2018.05.01,eu-adidas-men
555112-104,28862,Air Jordan 1 Mid TOPAZ MIST (GS) 白红,2019.04.02,eu-adidas-men
398614-006,18704,Air Jordan 3 Retro (GS) 女款 叶绿素,2018.08.14,eu-adidas-men
BQ6931-800,21835,Air Jordan 1 Mid SE GS 橙 小白扣碎 尼克斯,2018.12.18,eu-adidas-men
CI4072-001,34258,Air Jordan 6 Retro Reflections of a Champion 反射银,2019.06.08,eu-adidas-men
555112-035,11621,Air Jordan 1 Mid Multi-Color Swoosh Phantom (GS) 四色鞋带 鸳鸯,2018.06.15,eu-adidas-men
861428-007,9212,Air Jordan 1 Retro High NRG Patent Gold Toe 金脚趾 非鸳鸯,2018.02.10,eu-adidas-men
555088-710,3494,Air Jordan 1 Retro High Wheat,2017.11.25,eu-adidas-men
CI0550-600,25207,Air Jordan 6 Retro Aleali May 脏粉 女款,2019.03.15,eu-adidas-men
AJ1935-100,11642,Nike Kyrie Flytrap EP 白灰 欧文,2018.06.29,eu-nike-men
BQ6931-306,15819,Air Jordan 1 Mid South Beach (GS) 南海岸,2018.10.01,eu-adidas-men
BQ3381-400,47745,"Air Jordan 34 ""Blue Void"" 首发 电光蓝",2019.09.25,eu-adidas-men
CN1078-001,41027,Air Jordan 6 RETRO PSG GS 大巴黎,2019.07.25,eu-adidas-men
CI1184-617,40890,Air Jordan 4 SE FIBA Gym Red 黑红 篮球世界杯,2019.09.01,eu-adidas-men
BQ6931-400,21843,Air Jordan 1 Mid SE GS 白蓝脚趾,2018.12.18,eu-adidas-men
CU2802-100,54799,Air Jordan 1 Mid Fearless 'FaceTasm' 蓝,2019.11.22,eu-adidas-men
554723-161,22953,Air Jordan 1 Low GS Valentines Day 情人节 低帮 白紫红,2019.01.06,eu-adidas-men
AQ9129-200,40755,Air Jordan 4 “Mushroom” 蘑菇 珍珠奶茶 女款,2019.09.19,eu-adidas-men
CK6587-200,51471,Air Jordan 1 Mid 变色龙 鹅毛黄柠檬 女款,2019.10.01,eu-adidas-men
528896-145,9680,Air Jordan 11 Easter Low BG 女款 复活节 变色龙,2018.03.31,eu-adidas-men
AV3922-157,16668,Air Jordan Legacy 312 Lakers 湖人,2018.11.01,eu-adidas-men
554724-412,9249,Air Jordan 1 mid 中帮 黑蓝,2018.02.23,eu-adidas-men
CQ9597-401,51461,Air Jordan 4 Retro WNTR 小阿姆 黑蓝,2019.10.10,eu-adidas-men
408452-007,41668,Air Jordan 4 Cool Grey 2019 酷灰 灰老鼠 GS,2019.08.01,eu-adidas-men
153265-107,44401,Air Jordan 12 FIBA 2019 篮球世界杯 白金 GS,2019.08.24,eu-adidas-men
554724-071,11818,Air Jordan 1 Mid Reverse New Love 新欢 黑黄,2018.06.15,eu-adidas-men
136064-148,44537,Air Jordan 3 Knicks 尼克斯,2019.09.21,eu-adidas-men
AV9175-001,14683,Air Jordan 5 “PSG”  75号刺绣 大巴黎,2018.09.13,eu-adidas-men
CJ7891-401,41847,Nike SB x Air Jordan 1 Low 北卡蓝,2019.08.12,eu-nike-men
136027-006,16427,Air Jordan 5 Retro Satin Bred 黑红 丝绸,2018.11.03,eu-adidas-men
AV3922-102,15909,Air Jordan Legacy 312 White Baroque Brown 年度新秀 白棕,2018.06.21,eu-adidas-men
398614-140,14003,Air Jordan 3 Retro International Flight (GS) 独立日 爆裂纹,2018.01.01,eu-adidas-men
BQ6931-061,46469,Air Jordan 1 Mid Newspaper Air Times (GS) 报纸,2019秋季,eu-adidas-men
554724-072,36664,Air Jordan 1 Mid Neon Yellow Grey 灰黄,2019.07.01,eu-adidas-men
AH7389-101,29574,Air Jordan 1 High Premium 女款 香芋粉 紫灰,2019.04.16,eu-adidas-men
BV7451-006,17967,Air Jordan 4 Retro Tattoo (GS) 纹身 涂鸦 女款,2018.11.01,eu-adidas-men
554725-605,9754,AIR JORDAN 1 Mid (GS) 白红,2018.03.01,eu-adidas-men
378037-623,1181,Air Jordan 11 Retro Win Like 96 红白,2017.12.09,eu-adidas-men
555112-300,23759,Air Jordan 1 Mid 油漆 蓝粉,2019.01.31,eu-adidas-men
CD6759-103,31272,Air Jordan 1 Mid White Mystic Green 白绿,2019.05.20,eu-adidas-men
AJ7311-100,16696,Nike Air Force 1 High Utility White Light Cream 白,2018.11.02,eu-nike-men
553558-125,32590,【吴亦凡同款】Air Jordan 1 Low Court Purple 黑紫脚趾,2019.06.01,eu-adidas-men
CI4446-400,30583,Air Jordan Legacy 312 Fly 鸳鸯 白蓝（GS）,2019.03.18,eu-adidas-men
528896-003,10274,Air Jordan 11 Retro Low Cool Grey (GS) 女款 酷灰,2018.04.28,eu-adidas-men
CD7070-002,36113,Air Jordan Mars 270 灰粉,2019.06.30,eu-adidas-men
575441-031,8929,Air Jordan 1 High City Of Flight LA All Star 2018(GS) 黑金 女款,2018.01.11,eu-adidas-men
554725-129,28222,Air Jordan 1 Mid Triple White 纯白 GS,2019.03.25,eu-adidas-men
554725-054,52042,Air Jordan 1 Mid 小禁穿 黑红（GS）,2019.09.01,eu-adidas-men
AV3922-001,15355,Air Jordan Legacy 312 Black White 黑白,2018.09.10,eu-adidas-men
AT3102-006,21872,CLOT x Air Jordan 13 “INFRA-BRED” 陈冠希 黑红,2018.12.22,eu-adidas-men
CD9561-103,28603,Air Jordan 33 SE 郭艾伦 专属 AJ33,2019.03.28,eu-adidas-men
AQ9128-600,21829,Air Jordan 4 NRG “Hot Punch” 红外线,2019.01.19,eu-adidas-men
414571-012,30305,Air Jordan 13 “Cap and Gown” 黑猫 漆皮,2019.05.09,eu-adidas-men
AV2405-900,15192,Air Jordan 5 “Wings” 涂鸦,2018.09.29,eu-adidas-men
487724-661,24047,Air Jordan 4 “For The Love Of The Game”  情人节 2019 女,2019.02.09,eu-adidas-men
CJ7891-400,35480,Air Jordan 1 x Nike SB Low 海军蓝,2019.06.17,eu-nike-men
575441-501,14887,Air Jordan 1 Retro High Court Purple (GS) 女款 黑紫脚趾,2018.09.22,eu-adidas-men
BQ6931-700,26811,Air Jordan 1 Mid SE Lakers (GS) 紫金湖人,2019.02.01,eu-adidas-men
378037-061,33670,Air Jordan 11 Bred 2019复刻 季后赛 黑红,2019.12.14,eu-adidas-men
378037-003,16,Air Jordan 11 大灌篮,2016.12.10,eu-adidas-men
555112-106,14058,Air Jordan 1 Mid White Black Hyper Pink (GS),2018.07.01,eu-adidas-men
CD9054-006,31459,Air Jordan Legacy 312 Low GS 爆裂纹 红,2019.04.20,eu-adidas-men
AJ4588-001,15689,Nike Zoom Fly Off-White Black THE TEN 联名 黑 跑步鞋 AJ4588-001,2018.11.28,eu-nike-men
554724-057,47853,Air Jordan 1 Mid Takes It Back To “Johnny Kilroy” 黑银,2019秋季,eu-adidas-men
323399-104,38246,Air Jordan 6 Rings（GS） 六冠王冰蓝白橙,2019.06.01,eu-adidas-men
555088-801,14067,Air Jordan 1 Retro High Guava Ice 樱花粉 弹幕,2018.09.01,eu-adidas-men
136064-122,21655,Air Jordan 3 Retro Mocha (2018) 摩卡,2018.12.15,eu-adidas-men
554725-071,15299,Air Jordan 1 Mid Reverse New Love(GS) 新欢 黑黄,2018.05.16,eu-adidas-men
881473-011,9713,Air Jordan Hydro 6 拖鞋 黑 男款,2018.03.01,eu-adidas-men
CD7070-100,36293,Air Jordan MARS 270 白红,2019.06.10,eu-adidas-men
555088-007,8,Air Jordan 1 Retro Royal 皇家蓝,2017.04.01,eu-adidas-men
884129-016,28065,Air Jordan 13 Retro Atmosphere Grey (GS) 灰白,2019.03.20,eu-adidas-men
CJ9216-051,35245,Air Jordan 1Low 湖人 黑蓝,2019.06.18,eu-adidas-men
308497-406,11063,Air Jordan 4 x Travis Scott Cactus Jack TS联名 冰蓝,2018.06.09,eu-adidas-men
852625-030,3869,Air Jordan 11 Retro Heiress Black (GS) 女款 黑白,2017.11.24,eu-adidas-men
CD7069-200,27426,Air Jordan Legacy 312 Low “Pale Vanilla”,2019.03.22,eu-adidas-men
BV8016-445,14184,Air Jordan 12 International Flight 国际航班 蓝色 篮球鞋  BV8016-445,2018.09.08,eu-adidas-men
378037-002,17,Air Jordan 11 黑白 大魔王,2015.12.12,eu-adidas-men
136064-140,11521,Air Jordan 3 Retro International Flight 独立日 爆裂纹,2018.06.30,eu-adidas-men
AO2984-100,10412,Nike PG 2 White Ice 保罗乔治 泡椒 雷霆,2018.06.15,eu-nike-men
384665-145,3751,Air Jordan 6 Retro Gatorade Like Mike White (GS)佳得乐 白 女款,2017.10.28,eu-adidas-men
BV1300-106,18409,Union x Air Jordan 1 Retro High OG NRG 黑脚趾 拼接,2018.11.24,eu-adidas-men
AH7860-105,9940,Air Jordan 11 Retro Low Rose Gold (W) 女款 女神粉 玫瑰金,2018.04.13,eu-adidas-men
555088-135,10241,Air Jordan 1 Retro High Clay Green 绿脚趾 6 Rings 六冠王,2018.05.05,eu-adidas-men
554725-052,11058,Air Jordan 1 Mid 四色鸳鸯 GS,2018.04.01,eu-adidas-men
BV6352-900,22394,Air Jordan Why Not Zer0.2 威少 解构 彩色,2019.01.03,eu-adidas-men
852542-003,15331,Air Jordan 1 Mid 白灰,2018.05.10,eu-adidas-men
BV5072-100,15798,AIR JORDAN 33 Future Of Flight 黑白,2018.10.18,eu-adidas-men
553560-125,56086,【吴亦凡同款】Air Jordan 1 Low Court Purple (GS) 黑紫脚趾,2019.04,eu-adidas-men
AJ1935-002,16976,Nike Kyrie Flytrap Black Blue Red 欧文 简版,2018.10.16,eu-nike-men
AH7389-203,32241,Air Jordan 1 Retro High Premium 绿粉 女款,2019.05.17,eu-adidas-men
BQ3381-100,51720,Air Jordan 34 Bred 黑白 国内版,2019.10.10,eu-adidas-men
AO6219-002,29829,Air Jordan Why Not Zer0.2 威少 灰粉,2019.04.19,eu-adidas-men
CD7069-400,29573,Air Jordan Legacy 312 Low 淡蓝,2019.04.18,eu-adidas-men
CQ9487-700,42016,Air Jordan 1 Low Gold Toe 黑金脚趾 低帮 GS,2019.07.01,eu-adidas-men
304775-053,32256,Air Jordan 7 Ray Allen 雷阿伦 黑紫 篮球鞋 304775-053,2019.06.01,eu-adidas-men
AQ3816-065,13309,Air Jordan 4 Retro RAPTORS NRG 猛龙,2018.08.01,eu-adidas-men
532225-006,30761,Air Jordan Hydro IV Retro 黑红 拖鞋,2019.04.20,eu-adidas-men
414571-035,14550,Air Jordan 13 Melo Class of 2002 黑金,2018.09.15,eu-adidas-men
CD9560-106,28637,Air Jordan 33 Low SE “白水泥”,2019.04.04,eu-adidas-men
AJ1935-146,13153,Nike Kyrie Flytrap EP Irving White,2018.08.01,eu-nike-men
CJ9219-001,33915,Air Jordan 1 Mid Quai 54 四色鸳鸯,2019.06.08,eu-adidas-men
BV2614-001,18081,Air Jordan 1 Rebel XX Concord  (GS) 女款 黑白,2018.11.01,eu-adidas-men
575441-170,49857,Air Jordan 1 Retro High OG First Class Flight（GS） 条形码 头等舱飞行 白黄,2019.09.26,eu-adidas-men
AQ9131-401,22762,Air Jordan 1 Retro Premium Midnight Navy Light Cream 海军蓝 午夜蓝 女款,2019.01.02,eu-adidas-men
AV4126-100,41402,Air Jordan Why Not Zer0.2 威少 白色解构,2019夏季,eu-adidas-men
CD6759-007,31283,Air Jordan 1 Mid 2019 新欢 黑黄,2019.05.21,eu-adidas-men
AQ3835-160,9333,Air Jordan 3 Retro NRG JTH Tinker Hatfield 汀克,2018.03.24,eu-adidas-men
AJ4588-600,15687,Nike Zoom Fly Off-White Pink THE TEN 联名款 粉 跑步鞋 AJ4588-600,2018.11.28,eu-nike-men
AV4126-101,53482,Air Jordan Why Not 2 SE PF 2 灰橙,2019冬季,eu-adidas-men
888164 112,2294,Air Jordan 13 Love & Respect 小熊猫 爱与尊重,2017.09.30,eu-adidas-men
AR2257-005,23767,Social Status x Air Jordan 6 Retro 蛇纹  2019全明星,2019.02.21,eu-adidas-men
AJ2040-400,9451,Nike PG 2 EP 雷霆,2018.03.01,eu-nike-men
CD7069-102,38122,Air Jordan Legacy 312 Low 湖人,2019.07.20,eu-adidas-men
AJ1141-010,32202,Air Jordan DNA Distorted 男子篮球球衣 黑色,2019.05.01,eu-adidas-men
AH7389-700,36666,Air Jordan 1 High Premium 荧光绿  女款,2019.07.01,eu-adidas-men
AT4151-100,10636,Air Jordan 1 Rebel 20 Chicago (W) 女款,2018.05.19,eu-adidas-men
AH7389-004,11619,Air Jordan 1 Retro High White Snake (W) 白蛇,2018.07.01,eu-adidas-men
554724-415,9957,Air Jordan 1 Mid 蓝白 黄蜂,2018.04.01,eu-adidas-men
AV3914-600,16478,Air Jordan 4 Retro Fire Red 火红 刮刮乐,2018.11.11,eu-adidas-men
555112-225,11446,Air Jordan 1 Mid Green(W),2018.03.02,eu-adidas-men
BV1803-106,13612,Nigel Sylvester Air Jordan 1 High,2018.09.01,eu-adidas-men
CD7069-106,36608,Air Jordan Legacy 312 Low Chicago 芝加哥 白红,2019.07.06,eu-adidas-men
305381-113,15677,Air Jordan 8 Retro South Beach 南海岸,2018.10.13,eu-adidas-men
555088-401,11902,Air Jordan 1 Retro High Hyper Royal,2018.07.07,eu-adidas-men
aj1935-006,18891,Nike KYRIE FLYTRAP 欧文4 黑红,2018.08.09,eu-nike-men
554723-505,31229,Air Jordan 1 Low 电光紫 GS,2019.04.01,eu-adidas-men
554724-700,25738,AIR JORDAN 1 MID 黑黄 出租车 男,2019.03.01,eu-adidas-men
AV5174-400,31457,Air Jordan 1 Mid 渐变紫（GS）,2019.04.06,eu-adidas-men
554724-048,9511,Air Jordan 1 Mid 皇家蓝 泼墨,2018.03.23,eu-adidas-men
554724-114,11330,Air Jordan 1 Mid Hyper Royal,2018.07.01,eu-adidas-men
CQ9486-400,40848,Air Jordan 1 Low Royal Toe (GS) 皇家蓝 闪电配色 低帮,2019.07.12,eu-adidas-men
554725-072,42039,Air Jordan 1 Mid Gunsmoke Volt  烟枪 荧光绿 GS,2019.07.01,eu-adidas-men
554724-041,8865,Air Jordan 1 Mid 黑 灰,2017.12.23,eu-adidas-men
554725-412,9395,Air Jordan 1 MID GS 皇家蓝 女款,2018.03.01,eu-adidas-men
440888-148,13539,Air Jordan 5 Retro International Flight (GS),2018.08.01,eu-adidas-men
553558-112,28683,Air Jordan 1 Low 低帮 纯白,2019.03.22,eu-adidas-men
AJ1935-009,11632,Nike Kyrie Flytrap EP 黑 欧文,2018.06.29,eu-nike-men
684915-106,11558,Air Jordan Hydro 13 Retro He Got Game 熊猫 拖鞋,2018.03.01,eu-adidas-men
AV5999-010,22949,Air Jordan MA-1 AJ 男子飞行夹克运动棉服 黑色 18年款,2018冬季,eu-adidas-men
CD6760-103,34021,Air Jordan 1 Mid SE 白绿 GS,2019.05.10,eu-adidas-men
AV3922-002,38037,Air Jordan Legacy 312 灰水泥,2019.01.01,eu-adidas-men
AA2492-021,8866,Air Jordan 6 Retro Chinese New Year (2018)中国年 烟花,2018.01.06,eu-adidas-men
AO2571-001,11568,Air Jordan 4 Retro Levis Black (Levis Tag) 李维斯,2018.06.30,eu-adidas-men
BV5072-004,24594,Air Jordan 33  Vast Grey 盐白灰,2019.03.07,eu-adidas-men
BQ6508-100,38052,Air Jordan Mars 270（GS） 火星 白红,2019.06.01,eu-adidas-men
398614-116,10486,Air Jordan 3 Retro Hall of Fame (GS) 飓风 女款,2018.05.12,eu-adidas-men
919704-006,2306,Air Jordan 1 Retro High Flyknit Royal 皇家蓝 编织,2017.10.07,eu-adidas-men
AJ5163-100,9419,Nike PG 2 NCAA,2018.03.22,eu-nike-men
554725-700,25939,Air Jordan 1 Mid University Gold Black GS 小新欢,2019.04.01,eu-adidas-men
BV6352-600,33595,Air Jordan WHY NOT ZER0.2 威少 粉色,2019.06.06,eu-adidas-men
378038-123,8699,Air Jordan 11 Retro UNC Win Like 82 (GS) 北卡 大学蓝,2017.11.11,eu-adidas-men
BQ3381-103,57304,Air Jordan 34 “Snow Leopard”薄荷绿 郭艾伦,2019.11.14,eu-adidas-men
554724-451,38973,Air Jordan 1 Mid Color Hyper Royal 蓝紫,2019.08.01,eu-adidas-men
554725-048,13348,Air Jordan Air Jordan 1 Mid Black(GS)  女款 泼墨,2017.11.01,eu-adidas-men
AH3933-010,23685,Air Jordan Flight Fleece 针织收口休闲运动长裤 男款 黑色,2018.11.15,eu-adidas-men
aa1336-117,10485,Air Jordan Hydro Retro 11 变色龙 拖鞋,2018.04.01,eu-adidas-men
554725-445,57919,Air Jordan 1 Mid Sanded Purple 桑德紫(GS) 黑紫脚趾,2019冬季,eu-adidas-men
CD7240-002,33760,Air Jordan 1 Mid WMNS 酷灰,2019.06.01,eu-adidas-men
884129-105,40461,Air Jordan 13 Retro 紫金湖人 GS,2019.07.20,eu-adidas-men
553558-481,22134,Air Jordan 1 Low Retro Ember Glow 午夜蓝,2018.12.14,eu-adidas-men
323399-006,24894,AIR JORDAN 6 RINGS GS 六冠王 黑白粉,2019.01.15,eu-adidas-men
BQ6472-600,47622,Air Jordan 1 Mid 中帮漆皮 黑红 女款,2019.08.07,eu-adidas-men
CD5871-010,23398,Air Jordan Jumpman 帽衫卫衣 棉 黑红 男,2018.12.13,eu-adidas-men
555088-109,10240,Air Jordan 1 Retro High OG Yellow Ochre 六冠王 黑黄 黄脚趾,2018.05.05,eu-adidas-men
AT4151-001,10637,Air Jordan 1 Rebel 20 Top 3 (W) 女款,2018.05.19,eu-adidas-men
553560-110,12238,Air Jordan 1 Low BG 白,2018.02.01,eu-adidas-men
136064-116,10484,Air Jordan 3 Retro Hall of Fame 飓风,2018.05.12,eu-adidas-men
BV5072-001,15353,Air Jordan 33 Tech Pack 首发配色,2018.10.01,eu-adidas-men
AQ4160-107,12954,Air Jordan Legacy 312 Command Force 白黑色 篮球鞋 AQ4160-107,2018.08.11,eu-adidas-men
BQ6931-012,43031,Air Jordan 1 Mid White Black Grey (GS) 黑银 小影子,2019夏季,eu-adidas-men
510815-001,18765,Air Jordan 12 (GS)  葡萄紫 女,2018.08.31,eu-adidas-men
AJ4114-001,12767,Nike Zoom Pegasus 35 Turbo Black Vast Grey,2018.08.02,eu-nike-men
554724-109,14724,Air Jordan 1 Mid 白 中帮,2018.03.02,eu-adidas-men
AJ4219-400,8741,Nike Sean Wotherspoon x Air Max 97/1 灯芯绒,2018.03.26,eu-nike-men
CD5965-300,23678,Travis Scott x Air Jordan 33 NRG Olive 橄榄绿,2019.02.14,eu-adidas-men
AJ1141-687,32201,Air Jordan DNA Distorted 男子篮球球衣 健身红,2019.05.01,eu-adidas-men
CQ7629-100,54829,Melody Ehsani x Air Jordan 1 Mid “Fearless” 女款 手表 橙绿鸳鸯,2019.11.15,eu-adidas-men
554724-076,10559,"Air Jordan 1 Retro Mid ""Last Shot""",2018.05.15,eu-adidas-men
440888-006,18674,Air Jordan 5 Retro Satin Bred (GS) 黑红 丝绸 女款,2018.07.04,eu-adidas-men
408452-100,913,Air Jordan 4 Retro Pure Money 2017 (GS) 纯白,2017.05.13,eu-adidas-men
BQ6472-006,21771,Air Jordan 1 Mid“Hot Punch” 女款 热点 黑红,2018.12.12,eu-adidas-men
CD2720-400,23864,Air Jordan 5 “Laney” 兰尼高中 2019全明星,2019.01.19,eu-adidas-men
555112-814,12225,Air Jordan 1 Mid Crimson Pulse,2018.02.01,eu-adidas-men
575441-062,59094,Air Jordan 1 Retro High OG (GS) 黑红 红外线,2019.11.29,eu-adidas-men
553558-108,15109,Air Jordan 1 Low 低帮 大灌篮,2018.06.15,eu-adidas-men
555112-012,13270,Air Jordan 1 Mid (GS) 白银 女款,2018.07.06,eu-adidas-men
532225-116,36463,Air Jordan Hydro IV Retro AJ4 灰白 拖鞋,2019.05.01,eu-adidas-men
580521-013,9604,Air Jordan 11 Retro Low Bleached Coral (GS) 女款 大魔王 黑粉,2018.03.01,eu-adidas-men
554724-050,13232,AIR JORDAN 1 MID BLACK/DARK 黑,2016.04.01,eu-adidas-men
487471-003,10941,Air Jordan 14 Last Shot 黑红 最后一投（2018）,2018.06.14,eu-adidas-men
AT4040-101,27547,Air Jordan Legacy 312（GS）蓝白,2019.02.01,eu-adidas-men
CJ9216-676,35501,Air Jordan 1 Low 粉色 麂皮,2019.06.09,eu-adidas-men
575441-401,11904,Air Jordan 1 Retro High Hyper Royal (GS) 女款,2018.07.07,eu-adidas-men
AQ4160-108,12951,Just Don x Air Jordan Legacy 312 Hot Lava,2018.07.14,eu-adidas-men
554725-143,32917,Air Jordan 1 Mid GS 涂鸦,2019.04.01,eu-adidas-men
555088-115,10239,Air Jordan 1 Retro High OG Blue Moon 六冠王 贪玩蓝月 蓝脚趾,2018.05.01,eu-adidas-men
AA2517-003 ,9690,Air Jordan Hydro 7 拖鞋 黑黄,2018.03.01,eu-adidas-men
CU2804-100,54685,Edison Chen x Air Jordan 1 Mid “Fearless” 陈冠希联名 白丝绸 铜钱,2019.12.07,eu-adidas-men
AA2517-023,9689,Air Jordan Hydro 7 拖鞋 黑红,2018.03.01,eu-adidas-men
384664-145,3736,Air Jordan 6 Retro Gatorade Like Mike 佳得乐 白,2017.12.16,eu-adidas-men
408452-146,60992,Air Jordan 4 SE What the 4 (GS) 红蓝鸳鸯,2019.11.23,eu-adidas-men
AQ3816-056(2019),34691,Air Jordan 4 Retro RAPTORS NRG 猛龙 2019年版,2019.06.02,eu-adidas-men
CD9054-400,36079,Air Jordan Legacy 312 Low Psychic Blue 蓝 女款,2019.06.01,eu-adidas-men
575441-302,14889,Air Jordan 1 Retro High Pine Green (GS) 女款 黑绿脚趾,2018.09.22,eu-adidas-men
AQ8830-101,15699,AIR JORDAN 33 Guo Ailun PE 郭艾伦配色,2018.10.16,eu-adidas-men
AV4126-600,38550,Air Jordan Why Not Zero.2 SE 威少 红黑灰,2019.07.27,eu-adidas-men
BQ8393-010,41882,Air Jordan HBR 男子篮球短裤 黑白,2019夏季,eu-adidas-men
AA1253-105,11713,Air Jordan 32 Finale 最后一幕,2018.02.01,eu-adidas-men
CN1085-200,47740,Travis Scott X Air Jordan 6 'Medium Olive' TS联名 橄榄绿 GS,2019.10.11,eu-adidas-men
AJ7748-100,15406,Nike Air Force 1 Low Sport NBA White Black 黑白 马刺,2018.10.04,eu-nike-men
852542-203,21285,Air Jordan 1 Mid 魔芋,2018.12.18,eu-adidas-men
881426-009,685,Air Jordan 1 Retro Valentines Day 黑粉 情人节 2017 (GS),2017.02.11,eu-adidas-men
BV5072-016,28596,Air Jordan 33 “Tiger Camo” 虎纹迷彩 黑白 篮球鞋 BV5072-016,2019.03.28,eu-adidas-men
BV6352-001,23979,Air Jordan Why Not Zer0.2  The Family 威少,2019.02.06,eu-adidas-men
378037-005,10779,Air Jordan 11 Retro Cap and Gown 黑武士,2018.05.26,eu-adidas-men
852542-010,23290,Air Jordan 1 Mid BHM Equality 黑人月 2019,2019.02.02,eu-adidas-men
554723-104,28873,Air Jordan 1 Low TOPAZ MIST (GS) 白红,2019.04.01,eu-adidas-men
852542-012,34796,Air Jordan 1 Mid SE 黑银,2019.06.09,eu-adidas-men
378038-623,3881,Air Jordan 11 Retro Win Like 96  (GS) 女款 红白,2017.12.09,eu-adidas-men
130690-301,13031,Air Jordan 12 Chris Paul 橄榄绿 金扣,2018.08.11,eu-adidas-men
AJ1285-106,34530,Nike Air Max 90 猛龙,2019.06.05,eu-nike-men
554725-104,8847,Air Jordan 1 Mid 纯白 女款,2016.12.01,eu-adidas-men
CI1899-400,33262,Air Jordan 5 x Trophy Room  编号版 冰蓝,2019.05.18,eu-adidas-men
575441-112,10417,Air Jordan 1 Retro High Track Red (GS) 六冠王 女款 红脚趾,2018.05.01,eu-adidas-men
487724-118,933,Air Jordan 4 Retro Sand 2017 (GS) 白,2017.06.10,eu-adidas-men
AH7389-014,11648,Air Jordan 1 Retro High Black Snake (W),2018.06.23,eu-adidas-men
555088-001,647,Air Jordan 1 Retro Bred Banned 黑红 禁穿 （2016）,2016.09.03,eu-adidas-men
555088-300,14060,Air Jordan 1 Retro High Olive Canvas 橄榄绿 弹幕,2018.09.01,eu-adidas-men
AH3348-002,8874,Air Jordan 32 Black Cement 黑水泥,2018.01.06,eu-adidas-men
408452-117,930,Air Jordan 4 Retro Motorsports 2017 (GS) 蓝白,2017.03.26,eu-adidas-men
AH7389-408,27869,Air Jordan 1 Retro High 蓝橙 尼克斯 女款,2019.03.12,eu-adidas-men
AJ2998-100,9240,Nike Air More Money 大AIR 金钱 白红,2018.02.15,eu-nike-men
AJ3390-010,22698,Nike  KYRIE 男子长裤,2018.12.22,eu-nike-men
308497-117,203,Air Jordan 4 Retro Motorsports (2017) 赛车蓝,2017.03.26,eu-adidas-men
AJ2998-101,10451,Nike Air More Money White Black Coral Chalk 小猪 存钱罐,2018.05.10,eu-nike-men
BV6352-100,26681,Air Jordan Why Not Zer0.2 “OKC Home” 威少,2019.03.14,eu-adidas-men
AT4040-102 ,18324,Air Jordan Legacy 312 （GS）女款 联名 合体,2018.03.12,eu-adidas-men
414571-004,1226,Air Jordan 13 Retro Bred (2017) 黑红,2017.08.19,eu-adidas-men
AA2494-007,15685,Air Jordan 18 Black Sport Royal（2018） 黑蓝  麂皮,2018.10.11,eu-adidas-men
AA2516-100,11942,Air Jordan Hydro 7 Sandals Slippers White(W) 拖鞋,2018.03.01,eu-adidas-men
554724-065,11622,Air Jordan 1 Mid Black Red Royal 黑红,2018.07.01,eu-adidas-men
414571-042,3941,Air Jordan 13 Retro Altitudes (2017),2017.12.21,eu-adidas-men
487471-100,28634,"Air Jordan 14 ""Candy Cane""  白红",2019.04.06,eu-adidas-men
BV5072-600,22648,Air Jordan 33 University Red 大学红,2019.01.15,eu-adidas-men
BV6281-006,34253,Air Jordan 7 Retro Reflections of a Champion 反射银 篮球鞋 BV6281-006,2019.06.08,eu-adidas-men
308497-100,206,Air Jordan 4 Retro Pure Money 纯白 银扣 (2017),2017.05.13,eu-adidas-men
528896-106,1154,Air Jordan 11 Retro Low University Blue (GS) 北卡蓝,2017.04.15,eu-adidas-men
919702-006,2307,Air Jordan 1 Retro High Flyknit Royal (GS) 皇家蓝 编织,2017.10.07,eu-adidas-men
554725-041,13196,Air Jordan 1 Mid Black(GS）,2018.03.07,eu-adidas-men
CU2805-100,54834,Blue The Great x Air Jordan 1 Mid Fearless 多彩拼接,2019.11.09,eu-adidas-men
555088-125,10,Air Jordan 1 Retro Black Toe (2016) 黑脚趾,2016.12.05,eu-adidas-men
555112-138,11415,Air Jordan 1 Mid 黑白 紫葡萄(GS),2018.02.01,eu-adidas-men
BQ6931-003,29691,Air Jordan 1 Mid Black Cyber Mystic Green (GS) 黑绿,2019.04.12,eu-adidas-men
BV7630-106,35631,Air Jordan 14 x Supreme 白红,2019.06.19,eu-adidas-men
CI9100-100,32002,Air Jordan 1 Mid Nos Differences Nous Unissent 波点,2019.05.16,eu-adidas-men
554723-090,36985,Air Jordan 1 LOW (GS) 黑粉,2019.06.01,eu-adidas-men
554725-115,14689,Air Jordan 1 Mid  (GS)  白水泥泼墨,2018.05.07,eu-adidas-men
398614-111,10338,Air Jordan 3 Retro Pure White (2018)(GS) 女款 纯白,2018.07.21,eu-adidas-men
555112-021,10553,Air Jordan 1 Mid GS 熊猫 女款,2018.02.01,eu-adidas-men
AR2249-010,23293,Air Jordan Jumpman 男子秋冬外套,2019.01.01,eu-adidas-men
CD9561-007,36210,Air Jordan 33 Cement Grey 水泥灰,2019.07.03,eu-adidas-men
AJ1113-010,31754,Air Jordan DNA Distorted 男子篮球短裤  黑色,2019.05.01,eu-adidas-men
AJ1109-010,29846,Air Jordan HBR Short 短裤 黑色,2019.01.01,eu-adidas-men
CD9054-102,40466,Air Jordan Legacy 312 Low GS 湖人,2019.07.20,eu-adidas-men
AQ1005-001,13207,Air Jordan 3 Retro Flyknit 编织 夜光底,2018.08.18,eu-adidas-men
BQ6290-007,25954,Air Jordan  Hydro 7 黑金 拖鞋,2018.08.18,eu-adidas-men
414571-117,9298,Air Jordan 13 Retro White Hyper Royal Black 皇家蓝,2018.03.03,eu-adidas-men
840606-192,212,Air Jordan 4 Retro White Cement 白水泥 (2016),2016.02.13,eu-adidas-men
BV1300-146,18429,Union x Air Jordan 1 Retro High OG NRG 蓝黑红 拼接,2018.11.24,eu-adidas-men
378038-003,275,Air Jordan 11 Retro Space Jam 大灌篮（GS）,2016.12.10,eu-adidas-men
440892-100,11989,Air Jordan 5 Retro Light Aqua (GS) 白橙 湖水蓝 糖果,2018.07.14,eu-adidas-men
AJ8101-010,31697,Nike 夏季大Logo休闲运动短裤 黑色,2019.04.01,eu-nike-men
554724-301,12897,"AIR JORDAN 1 MID ""OLIVE CANVAS"" 军绿 黑绿",2018.06.01,eu-adidas-men
414571-122,178,Air Jordan 13 Retro OG Chicago (2017) 白红,2017.02.18,eu-adidas-men
554725-053 ,16260,Air Jordan 1 Mid 银灰（GS）,2017.04.23,eu-adidas-men
130690-002,165,Air Jordan 12 Retro Flu Game 流感之战 (2016),2016.05.28,eu-adidas-men
342964-118,54366,Air Jordan 7 True Flight 灰橙,2019冬季,eu-adidas-men
CD9560-006,30709,Air Jordan 33 SE Black Cement 黑水泥,2019.05.03,eu-adidas-men
CK0017-100,30498,Air Jordan 6 Rings 南海岸,2019.04.22,eu-adidas-men
AJ6425-063,23402,Nike Kyrie CNY 欧文 中国新年 己亥猪年 篮球外套卫衣,2019.01.02,eu-nike-men
AJ4114-060,12042,Nike Zoom Pegasus 35 Turbo 男款,2018.07.16,eu-nike-men
554724-060,26495,Air Jordan 1 Mid 绒面黑,2019.03.10,eu-adidas-men
AO2984-003,11095,Nike PG 2  金牛座 黑白 泡椒 乔治,2018.03.01,eu-nike-men
CQ3835-001,54571,Air Jordan 1 High FlyEase “Gym Red” 黑红 拉链魔术贴,2019.11.01,eu-adidas-men
AQ3742-016,9344,Air Jordan 1 Retro High Zip Black Sail (W) 女款,2018.03.08,eu-adidas-men
555112-611,28452,Air Jordan 1 Mid 粉色 GS,2019.03.26,eu-adidas-men
384664-705,3743,Air Jordan 6 Retro Wheat 小麦,2017.11.24,eu-adidas-men
BQ7669-116,27124,【BP幼童】Air JORDAN 4 RETRO 热溶岩,2019.03.02,eu-adidas-men
AR5321-016,37010,Air Jordan 1 High React 白黑红,2019.07.01,eu-adidas-men
532225-117,39260,Air Jordan Hydro 4 Retro 红白 拖鞋,2019.08.08,eu-adidas-men
AV2187-441,10508,Air Jordan 11 Retro Low Derek Jeter RE2PECT LOW 蓝麂皮,2018.05.14,eu-adidas-men
919704-025,2466,Air Jordan 1 Retro High Flyknit Wolf Grey 编织,2017.11.01,eu-adidas-men
AJ4618-510,18926,Nike LeBron James 城市版球衣 SW球迷版 湖人 詹姆斯 23号,2018冬季,eu-nike-men
575441-007,278,Air Jordan 1 皇家蓝 GS,2017.04.01,eu-adidas-men
881473-600,32482,Air Jordan 6 Hydro 6 拖鞋 红色,2019.03.01,eu-adidas-men
BQ6931-021,41001,Air Jordan 1 Mid 豹纹 GS,2019.09.16,eu-adidas-men
CJ5500-013,39461,Air Jordan Legacy 312 Low Black White Teal Tint (GS) 荧光熊猫,2019.08.01,eu-adidas-men
AH3348-003,10535,Air Jordan 32 Black Cat 黑猫,2018.05.13,eu-adidas-men
414571-103,33,Air Jordan 13 HOF 红白,2017.07.22,eu-adidas-men
575441-115,10238,Air Jordan 1 Retro High OG Blue Moon BG 六冠王 女款 贪玩蓝月 蓝脚趾,2018.05.01,eu-adidas-men
AV3922-005,49482,Air Jordan Legacy 312 灰紫,2019秋季,eu-adidas-men
554723-051,28814,Air Jordan 1 Low (GS) 薄荷绿,2019.04.04,eu-adidas-men
AT4040-126,26789,Air Jordan Legacy 312 “Desert Camo” 沙漠迷彩（GS）,2019.01.01,eu-adidas-men
AV5174-200,16811,Air Jordan 1 Mid SE  (GS) 女款 玫瑰金,2018.07.18,eu-adidas-men
AQ8830-002,19900,Air Jordan 33 Blackout 黑武士,2018.11.29,eu-adidas-men
554724-081,11440,Air Jordan 1 Mid Black Orange Peel,2018.06.01,eu-adidas-men
AQ7476-016,10242,Air Jordan 1 Retro High Think 16 (Pass The Torch)  伦纳德 卡哇伊,2018.04.28,eu-adidas-men
CD9054-106,36802,Air Jordan Legacy 312 Low (GS) 芝加哥 红白,2019.06.17,eu-adidas-men
553558-401,11448,Air Jordan 1 Low 小闪电 低帮,2018.03.01,eu-adidas-men
919702-001,2189,Air Jordan 1 Red HI Flyknit BG 黑红编织 黑红 篮球鞋 919702-001,2017.09.01,eu-adidas-men
BQ6472-111,25829,Air Jordan 1 Mid 女款 白漆面,2019.01.25,eu-adidas-men
AV5174-076,35489,Air Jordan 1 Mid Glows In The Dark 线条 swoosh 黑粉 GS,2019.06.20,eu-adidas-men
553558-117,9429,Air Jordan 1 Low 低帮 黑脚趾 薄荷绿 蒂夫尼,2018.03.22,eu-adidas-men
CK4464-100,42349,Air Jordan 33 SE FIBA 篮球世界杯,2019.08.22,eu-adidas-men
AJ6745-102,26091,Nike BENASSI JDI 变色龙 拖鞋,2019.03.10,eu-nike-men
384665-705,3755,Air Jordan 6 Retro Wheat (GS)女款,2017.11.24,eu-adidas-men
aj6000-880,10926,Air Jordan 1 Retro Hi 佳得乐 女款 (BG),2018.03.01,eu-adidas-men
CD7070-001,35935,Air Jordan Mars 270 Top 3 红蓝鸳鸯,2019.06.30,eu-adidas-men
440892-115,3688,Air Jordan 5 Retro Sunblush (GS) 三文鱼,2017.09.02,eu-adidas-men
CD7070-008,41848,Air Jordan Mars 270 Shattered Backboard 扣碎篮板,2019夏季,eu-adidas-men
CD6848-102,30448,【BP幼童】Air Jordan 11 Low “Navy Snakeskin” 蓝蛇 蛇纹 2019款,2019.04.19,eu-adidas-men
919704-001,2188,Air Jordan 1 Retro HI Flyknit,2017.09.01,eu-adidas-men
AO1847-345,9049,Air Jordan 1 Retro High Season Of Her Mint Foam (W),2018.01.25,eu-adidas-men
AJ4596-101,18867,Nike NBA Jersey 18-19 Kyrie Irving 凯尔特人11号 城市限定 SW 球衣,2018.10.01,eu-nike-men
AV6006-010,49241,Air Jordan 加绒休闲套头衫外套连帽卫衣 男款 黑色,2018冬季,eu-adidas-men
136027-104,954,Air Jordan 5 Retro White Cement 白水泥,2017.08.05,eu-adidas-men
AQ9131-600,22761,Air Jordan 1 Retro Premium WMNS 女款 红外线,2019.01.02,eu-adidas-men
854261-106,875,Air Jordan 3 Retro True Blue 真蓝 2016 (GS),2016.11.25,eu-adidas-men
943806-001,9057,Nike Kyrie 4 City Guardians,2018.02.01,eu-nike-men
892072-010,30776,Air Jordan AS 23 ALPHA DRY SL TOP 篮球运动背心 黑,2018.06.01,eu-adidas-men
439358-021,9286,Air Jordan 13 Retro Black White Gum (GS) 女款,2018.02.26,eu-adidas-men
528895-010,1164,Air Jordan 11 Retro Low Barons 伯爵,2017.05.27,eu-adidas-men
AA3834-101,790,Air Jordan 1 Retro High Off-White Chicago The Ten 芝加哥 1.0,2017.09.01,eu-adidas-men
BQ6932-103,47568,【BP幼童】Air Jordan 1 Mid White Black Teal Tint 夜光熊猫,2019.08.01,eu-adidas-men
AQ3742-116,9343,Air Jordan 1 Retro High Zip White (W) 女款,2018.03.08,eu-adidas-men
BV6352-003,31097,Air Jordan Why Not Zer0.2 棕粉,2019.03.20,eu-adidas-men
AJ6921-001,9421,Nike Kobe A.D. NCAA,2018.03.22,eu-nike-men
AA1253-400,8720,Air Jordan 32 Russell Westbrook OKC 威少 雷霆,2017.11.22,eu-adidas-men
408452-032,920,Air Jordan 4 Retro Royalty (GS),2017.02.04,eu-adidas-men
BQ3448-100,48796,AIR JORDAN JUMPMAN 2020 PF 黑白红,2019.10,eu-adidas-men
AV2599-010,54644,Air Jordan MA-1  飞行休闲夹克棉服外套 男款 黑色,2019秋季,eu-adidas-men
884129-117,9299,Air Jordan 13 Retro White Hyper Royal Black (GS) 皇家蓝 女款,2018.03.03,eu-adidas-men
aa2516-001,11070,Air Jordan Hydro 7 黑红白 (W) 拖鞋 女款,2018.04.01,eu-adidas-men
AH3347-004,10648,Air Jordan 32 Low Gordon St. 低帮 沙漠,2018.05.19,eu-adidas-men
718948-002,15335,Air Jordan Future Low 未来编织 黑白 男款,2018.05.18,eu-adidas-men
528896-010,1162,Air Jordan 11 Retro Low Barons (GS) 伯爵,2017.05.27,eu-adidas-men
322992-100,25932,Air Jordan 6 Rings \'Paint Splatter\'六冠王 糖果,2019.02.10,eu-adidas-men
378037-117,57,Air Jordan 11 Retro Legend Blue (2014) 传奇蓝,2014.12.20,eu-adidas-men
852542-401,38591,Air Jordan 1 Mid SE 金牌,2019.07.15,eu-adidas-men
AJ2039-003,10293,Nike PG 2 Taurus 金牛座,2018.05.04,eu-nike-men
BV8017-445,14488,Air Jordan 12 Retro International Flight (GS) 国际航班 蓝色篮球鞋 BV8017-445,2018.09.08,eu-adidas-men
aj1935-011,12472,Nike KYRIE FLYTRAP EP 黑武士,2018.05.01,eu-nike-men
553558-610,12581,Air Jordan 1 Low Gym Red,2018.03.01,eu-adidas-men
BV2613-600,21662,Air Jordan 1 Court Lux High OG “Aleali May”  皮草,2018.12.22,eu-adidas-men
CD6757-200,28624,Air Jordan 1 Cargo 编织 白色,2019.04.10,eu-adidas-men
AA1236-520,8859,Air Jordan 13 Retro Dark Raisin (GS),2017.12.27,eu-adidas-men
AT4040-001,18636,Air Jordan Legacy 312  黑白 (GS),2017.04.17,eu-adidas-men
554724-047,10501,Air Jordan 1 Mid Desert Sand,2018.05.01,eu-adidas-men
AR3254-001,16425,Air Jordan 1 Retro High Paris Saint Germain PSG 大巴黎,2018.11.03,eu-adidas-men
AQ9213-100,22630,AIR JORDAN 19 RETRO Melo Flint 安东尼 白银,2019.01.02,eu-adidas-men
AJ4585-101,16211,Nike Air Max 97 Off-White Menta THE TEN 联名 彩虹,2018.10.18,eu-nike-men
AV3918-100,24514,Air Jordan 1 RET Low Slip AJ板鞋,2019.02.12,eu-adidas-men
BQ6851-001,21076,Air Jordan 12  Winterized 御寒,2018.12.15,eu-adidas-men
CI1205-107,39314,Air Jordan Jumpman Diamond Mid 白金,2019.08.03,eu-adidas-men
575441-103,775,Air Jordan 1 Retro Metallic Red 2017 (GS),2017.05.06,eu-adidas-men
AJ9716-001,33101,Nike Air Force 1 LV8 Devin Booker 德文布克 灰蓝 刮刮乐,2019.06.06,eu-nike-men
555088-103,134,Air Jordan 1 Retro Metallic Red (2017),2017.05.06,eu-adidas-men
CD7069-002,39312,Air Jordan Legacy 312 Low 灰 低帮,2019.08.05,eu-adidas-men
AV3922-601,15348,Air Jordan Legacy 312 Toro 红,2018.09.29,eu-adidas-men
919702-003,9065,Air Jordan 1 Retro High Flyknit Shadow (GS) 编织 女款,2018.01.13,eu-adidas-men
323419-100,35449,Air Jordan 6 Rings Confetti 六冠王 糖果泼墨白 女款,2019.03.01,eu-adidas-men
BQ6066-116,36634,【BP幼童】Air Jordan 1 Low ALT 低帮 黑脚趾,2019.05.01,eu-adidas-men
AJ5997-880,8856,Air Jordan 1 Retro High Gatorade Orange Peel 佳得乐 橙,2017.12.27,eu-adidas-men
553560-035,27558,Air Jordan 1 Low Black Court Purple Turbo Green (GS) 黑紫葡萄,2019.02.23,eu-adidas-men
907958-015,122,Air Jordan 1 Retro All Star 2017 Chameleon 变色龙 全明星,2017.02.19,eu-adidas-men
CD6760-007,34575,Air Jordan 1 Mid 2019 新欢 黑黄 GS,2019.05.21,eu-adidas-men
414571-030,53242,Air Jordan 13 Retro “Island Green”  薄荷绿,2019.11.17,eu-adidas-men
554723-600,13035,Air Jordan 1 Low GG “Rush Pink”,2018.07.01,eu-adidas-men
AV4052-106,36510,Air Jordan 1 Nova XX Bred Toe 黑红脚趾 女款,2019.07.01,eu-adidas-men
AQ9103-001,11579,Air Jordan 4 Retro Levis Black (GS) 李维斯 女款,2018.06.30,eu-adidas-men
414575-104,14867,【BP幼童】Air Jordan 13 Retro He Got Game 熊猫 童鞋,2018.09.06,eu-adidas-men
AR5599-200,11626,Air Jordan 1 Rebel XX Moon Particle (W),2018.07.01,eu-adidas-men
408452-003,932,Air Jordan 4 Retro Oreo 奥利奥 2015 (GS),2015.02.21,eu-adidas-men
AA2517-004,11042,Air Jordan Hydro 7 黑灰 拖鞋,2018.03.01,eu-adidas-men
302370-145,23230,Air Jordan 9 Retro UNC 大学蓝 2019全明星,2019.02.09,eu-adidas-men
AV3663-900,15500,Air Jordan 5 Retro Wings (GS) 涂鸦,2018.09.29,eu-adidas-men
554724-115,11711,Air Jordan 1 Mid White Cement 白水泥,2018.06.18,eu-adidas-men
AT4040-100,38084,Air Jordan Legacy 312 Flip （GS）白水泥爆裂纹,2019.01.01,eu-adidas-men
AJ6333-042,8868,Air Jordan 32 CNY 中国年 烟花 牡丹,2018.01.06,eu-adidas-men
384664-006,1029,Air Jordan 6 UNC 北卡,2017.12.02,eu-adidas-men
919704-333,10302,Air Jordan 1 Retro HI Flyknit 编织 四色logo,2018.05.05,eu-adidas-men
888164-601,3924,Air Jordan 13 Retro What Is Love Pack,2016.11.11,eu-adidas-men
AJ1113-448,31753,Air Jordan DNA Distorted 男子篮球短裤 红蓝拼色,2019.05.01,eu-adidas-men
384664-400,21794,Air Jordan 6 Retro Jimmy Butler 巴特勒,2018.12.22,eu-adidas-men
378038-002,274,Air Jordan 11（GS）大魔王,2015.12.12,eu-adidas-men
 AJ1285-602,23045,Nike Air Max 90 大红 鳄鱼纹,2019.01.12,eu-nike-men
575441-114,691,Air Jordan 1 Retro High OG Sail (GS) 白,2017.08.01,eu-adidas-men
AJ2039-005,11062,Nike PG 2 Anthracite Hot Punch,2018.06.09,eu-nike-men
AH3348-007,9411,Air Jordan 32 Pure Platinum  纯白,2018.03.21,eu-adidas-men
AO2984-300,10989,Nike PG 2 ACG,2018.06.01,eu-nike-men
554724-601,9388,Air Jordan 1 Mid 黑红,2018.03.01,eu-adidas-men
332148-022,11141,Air Jordan 1 Retro High GG 黑粉,2018.03.01,eu-adidas-men
AT4040-007,25712,Air Jordan Legacy 312 (GS) 黑金,2018.12.22,eu-adidas-men
384666-060,24665,【BP幼童】Air Jordan 6 Retro Black Infrared 2019 黑红,2019.02.16,eu-adidas-men
AA1243-020,3656,Air Jordan 3 Retro Premium Heiress Metallic Silver (GS),2017.11.18,eu-adidas-men
919704-003,9064,Air Jordan 1 Retro High Flyknit Shadow 编织,2018.01.13,eu-adidas-men
919710-030,3693,Air Jordan 5 Retro Heiress Camo (GS),2017.09.16,eu-adidas-men
ah3347-002,9268,Air Jordan XXXII Low 白爆裂 扣篮大赛 罚球线,2018.02.21,eu-adidas-men
AJ2998-001,9366,Nike Air More Money Black White 黑白,2018.03.13,eu-nike-men
414574-103,269,Air Jordan 13 HOF History of Flight  (GS) 白红,2017.07.22,eu-adidas-men
AJ4114-486,14644,Nike Zoom Pegasus 35 Turbo Blackened Blue Orange Peel,2018.09.12,eu-nike-men
CU6690-006,52341,Air Jordan 1 “Fearless” 金属玫瑰 黑铜 女款,2019.10.30,eu-adidas-men
304774-120,1059,Air Jordan 7 Retro Pure Platinum (GS),2017.06.03,eu-adidas-men
554725-301,16046,Air Jordan 1 Mid (GS) 黑绿 女款,2018.07.15,eu-adidas-men
575441-102,3571,Air Jordan 1 Retro High Yin Yang White (GS),2016.08.06,eu-adidas-men
AJ7730-001,19310,Nike SB Dunk High Bred  黑红,2018.11.21,eu-nike-men
408452-617,45874,Air Jordan 4 SE FIBA Gym Red 黑红 篮球世界杯 GS,2019.09.01,eu-adidas-men
AA1336-107,26345,Air Jordan Hydro XI 11 Retro Concord 黑白 拖鞋,2019.02.14,eu-adidas-men
AV5174-640,32396,Air Jordan 1 MID Pink Rise 玫瑰粉 女款,2019.05.01,eu-adidas-men
555088-102,143,Air Jordan 1 Retro Yin Yang White,2016.08.06,eu-adidas-men
384664-113,230,Air Jordan 6 Retro Alternate Hare 兔八哥,2017.03.11,eu-adidas-men
553558-111,23431,Air Jordan 1 Low纯白低帮,2018.05.18,eu-adidas-men
CD7070-003,37018,Air Jordan Mars 270 Green Glow 黑绿,2019.07.04,eu-adidas-men
